{"cameraMode":{"drawMode":0,"name":"Shaded","section":"Shading Mode"},"sceneLighting":false,"audioPlay":false,"sceneViewState":{"showFog":true,"showMaterialUpdate":false,"showSkybox":false,"showFlares":true,"showImageEffects":true,"showParticleSystems":true},"in2DMode":false,"pivot":{"x":1.240602970123291,"y":0.5296096801757813,"z":-2.0606749057769777},"rotation":{"x":0.21783681213855744,"y":0.6820024847984314,"z":-0.2247183620929718,"w":0.6610475182533264},"size":2.0660252571105959,"orthographic":false}