{"cameraMode":{"drawMode":0,"name":"Shaded","section":"Shading Mode"},"sceneLighting":false,"audioPlay":false,"sceneViewState":{"showFog":true,"showMaterialUpdate":false,"showSkybox":false,"showFlares":true,"showImageEffects":true,"showParticleSystems":true},"in2DMode":false,"pivot":{"x":-0.23037488758563996,"y":0.34408116340637209,"z":0.3315834403038025},"rotation":{"x":0.32968035340309145,"y":-0.12972645461559297,"z":0.04579494893550873,"w":0.9340459704399109},"size":2.36602520942688,"orthographic":false}